"Título do vídeo;Editor;Dispositivo de impressão;Data de publicação;Alcance;Valor Gasto (BRL);Click-to-Play;Visualizações 10 segundos;Visualizações de 25% do vídeo;Visualizações de 50% do vídeo;Visualizações de 75% do vídeo;Visualizações de 95% do vídeo;Tempo médio assistido do vídeo;Ações;Compartilhamentos da publicação;Comentários na publicação;Envolvimento com a publicação;Reações à publicação"
"Vídeo 13;Marcos;Smartphone Android;42985;260088;675,574959538034;100596;37572;27021;20042;16846;15284;00:00:08;102678;318;114;102441;1413"
"Vídeo 13;Marcos;iPad;42985;3382;14,6762043678942;1557;485;309;210;167;147;00:00:08;1568;3;1;1567;6"
"Vídeo 13;Marcos;Desktop;42985;30015;55,0482546406378;9860;3233;2424;1811;1556;1393;00:00:07;10009;10;10;9978;91"
"Vídeo 13;Marcos;iPhone;42985;78846;246,438347952924;29200;9943;6976;5047;4267;3793;00:00:07;29560;55;27;29522;239"
"Vídeo 13;Marcos;Outros;42985;0;0,0399624353108078;4;3;2;2;2;2;00:00:29;4;;;4;"
"Vídeo 13;Marcos;Tablet Android;42985;2048;8,12236497692169;1133;392;273;185;156;138;00:00:09;1153;3;1;1153;16"
"Vídeo 13;Marcos;iPod;42985;0;0,0999060882770196;10;2;1;1;1;1;00:00:06;10;;;10;"
"Vídeo 23;Osvaldo;iPod;42990;0;0,0599448507373217;6;3;1;1;1;1;00:00:13;6;;;6;"
"Vídeo 23;Osvaldo;iPhone;42990;96638;196,36934020701;44838;19049;13252;10417;8667;7996;00:00:13;45243;79;45;45189;226"
"Vídeo 23;Osvaldo;iPad;42990;3712;13,2378212044919;2457;941;594;462;348;326;00:00:15;2468;6;3;2467;1"
"Vídeo 58;Luiz;Outros;43007;0;0,0199816169124406;;;;;;;00:00:01;0;;;;"
"Vídeo 58;Luiz;iPod;43007;0;0,0999080845622028;8;3;3;2;2;1;00:00:09;8;;;8;"
"Vídeo 58;Luiz;iPhone;43007;65516;222,475322703113;24123;8183;5705;4073;3348;3010;00:00:07;24427;40;23;24403;217"
"Vídeo 58;Luiz;Tablet Android;43007;2582;10,0207808815889;1206;407;284;169;141;130;00:00:08;1233;8;;1231;17"
"Vídeo 58;Luiz;iPad;43007;2926;13,6574351596531;1445;456;299;193;150;137;00:00:08;1460;4;;1458;9"
"Vídeo 58;Luiz;Desktop;43007;27457;60,094712864165;10043;3170;2355;1691;1414;1262;00:00:06;10203;15;7;10166;100"
"Vídeo 58;Luiz;Smartphone Android;43007;233800;693,631858690005;88147;32459;23322;16595;13762;12505;00:00:07;89942;268;88;89804;1301"
"Vídeo 23;Osvaldo;Tablet Android;42990;2816;7,25332693921592;2439;1083;682;530;437;408;00:00:18;2468;6;3;2463;15"
"Vídeo 23;Osvaldo;Desktop;42990;27981;42,1012668345123;11388;4269;2749;2216;1906;1773;00:00:12;11491;23;4;11462;40"
"Vídeo 23;Osvaldo;Smartphone Android;42990;445433;740,948327538664;227773;102574;66583;52046;43338;39785;00:00:16;230109;658;167;229938;1340"
"Vídeo 16;Osvaldo;Outros;42986;0;0,0599448507373217;2;;;;;;00:00:03;2;;;2;"
"Vídeo 17;Luiz;Outros;42987;0;0,0999080845622028;3;1;1;;;;00:00:06;3;;;3;"
"Vídeo 17;Luiz;iPod;42987;0;0,0999080845622028;10;4;4;3;3;1;00:00:11;10;;;10;"
"Vídeo 17;Luiz;Desktop;42987;49700;174,359589177956;23866;8613;6592;3951;3010;2246;00:00:08;24101;27;16;24068;134"
"Vídeo 17;Luiz;iPad;42987;3427;21,3103944371178;2130;711;509;277;185;125;00:00:09;2147;3;1;2147;13"
"Vídeo 17;Luiz;iPhone;42987;34413;146,974783199457;18449;6242;4824;3015;2141;1390;00:00:07;18691;28;14;18661;170"
"Vídeo 17;Luiz;Tablet Android;42987;2239;13,2378212044919;1650;575;444;256;169;117;00:00:08;1678;4;1;1678;23"
"Vídeo 17;Luiz;Smartphone Android;42987;204942;643,917595811853;97335;35869;28730;18616;13960;9687;00:00:08;98972;191;57;98832;1249"
"Vídeo 16;Osvaldo;iPod;42986;0;0,0499540422811014;8;2;2;2;2;2;00:00:11;8;;;8;"
"Vídeo 32;Luiz;Desktop;42994;8956;15,7255325100907;2987;929;808;543;438;399;00:00:06;3024;2;1;3013;21"
"Vídeo 16;Osvaldo;Tablet Android;42986;3137;8,58210446389322;1542;613;465;336;267;242;00:00:11;1580;13;;1580;25"
"Vídeo 16;Osvaldo;Smartphone Android;42986;355023;761,749190744515;153708;61550;48419;37117;29068;25663;00:00:10;157636;933;364;157338;2333"
"Vídeo 16;Osvaldo;iPhone;42986;60898;174,119809775007;26847;10313;8136;6331;4858;4215;00:00:09;27452;117;83;27394;347"
"Vídeo 16;Osvaldo;Desktop;42986;21109;37,8751548575311;9464;3014;2274;1720;1417;1286;00:00:09;9613;20;8;9585;81"
"Vídeo 16;Osvaldo;iPad;42986;3070;17,5638412660352;1800;648;484;339;240;211;00:00:11;1819;9;;1819;10"
"Vídeo 12;Osvaldo;Desktop;42984;84314;91,7655756703832;33662;16806;12673;10331;9772;9258;00:00:17;34487;204;64;34398;385"
"Vídeo 12;Osvaldo;iPod;42984;29;0,0199816169124406;5;2;1;1;1;;00:00:08;5;;;5;"
"Vídeo 32;Luiz;iPhone;42994;76382;211,365543699796;32534;11039;10078;5296;3764;3231;00:00:06;32901;45;25;32864;260"
"Vídeo 32;Luiz;Smartphone Android;42994;350691;761,449466490828;132650;52058;47871;27878;20594;18042;00:00:06;135061;287;145;134729;1647"
"Vídeo 12;Osvaldo;Outros;42984;0;0,109898893018423;26;23;18;17;17;17;00:00:56;28;1;1;28;"
"Vídeo 54;Luiz;iPad;43005;3320;15,8853854453902;1620;561;354;247;196;165;00:00:08;1628;2;2;1628;4"
"Vídeo 54;Luiz;iPhone;43005;44203;116,572753067178;15533;5878;4327;3453;3035;2492;00:00:07;15750;15;19;15723;156"
"Vídeo 54;Luiz;Desktop;43005;36974;122,467330056348;15651;5384;3603;2335;1984;1744;00:00:07;15778;16;8;15755;69"
"Vídeo 54;Luiz;Tablet Android;43005;2623;12,5084921871878;1699;666;498;390;342;294;00:00:09;1731;7;;1729;23"
"Vídeo 54;Luiz;Smartphone Android;43005;326819;732,446149542421;101997;47904;38211;31270;27749;24071;00:00:08;104351;394;125;104057;1540"
"Vídeo 54;Luiz;Outros;43005;24;0,069935659193542;3;;;;;;00:00:03;3;;;3;"
"Vídeo 32;Luiz;iPad;42994;1024;6,77376813331735;718;233;210;85;56;48;00:00:07;720;;;719;1"
"Vídeo 32;Luiz;Outros;42994;0;0,00999080845622028;1;1;1;1;;;00:00:17;1;;;1;"
"Vídeo 32;Luiz;iPod;42994;0;0,109898893018423;13;3;3;1;1;1;00:00:04;13;;;13;"
"Vídeo 32;Luiz;Tablet Android;42994;1294;4,56579946449267;568;216;192;99;72;63;00:00:07;587;2;1;584;13"
"Vídeo 12;Osvaldo;Smartphone Android;42984;540809;598,24961035847;229509;124150;97533;79470;75567;70814;00:00:18;235404;1788;478;235004;3228"
"Vídeo 12;Osvaldo;Tablet Android;42984;3454;5,49494465092115;2252;1225;920;729;690;650;00:00:20;2290;14;1;2290;23"
"Vídeo 23;Osvaldo;Outros;42990;42;0,0299724253686608;5;2;2;2;2;2;00:00:28;6;1;;6;"
"Vídeo 51;Osvaldo;Smartphone Android;43004;276425;715,637300937119;103321;42159;40657;33947;27697;25701;00:00:07;104832;109;47;104646;1169"
"Vídeo 52;Marcos;iPad;43004;2752;18,8422882490459;1960;656;599;323;193;129;00:00:08;1965;;;1963;3"
"Vídeo 52;Marcos;Outros;43004;0;0,0499530441385098;1;1;1;;;1;00:00:05;1;;;1;"
"Vídeo 51;Osvaldo;iPod;43004;0;0,109896697104722;13;7;7;7;6;6;00:00:16;14;;;14;1"
"Vídeo 51;Osvaldo;Desktop;43004;29060;110,636002157972;13137;4025;3779;2272;1837;1680;00:00:07;13217;11;1;13202;48"
"Vídeo 51;Osvaldo;iPhone;43004;49218;152,736427757908;20851;7593;7284;5902;4670;4274;00:00:07;21034;8;5;21008;144"
"Vídeo 51;Osvaldo;Tablet Android;43004;1216;8,6718484624453;947;306;286;208;155;146;00:00:07;955;1;;955;7"
"Vídeo 51;Osvaldo;Outros;43004;26;0,0499530441385098;;;;;;;00:00:00;0;;;;"
"Vídeo 51;Osvaldo;iPad;43004;1920;12,1585709433133;1263;422;397;263;201;179;00:00:08;1270;1;;1269;5"
"Vídeo 52;Marcos;Desktop;43004;57919;192,41912602154;29939;11034;10347;6806;4939;3861;00:00:08;30118;8;8;30072;104"
"Vídeo 52;Marcos;Smartphone Android;43004;129598;502,257877595061;55112;22486;21033;14693;10958;8153;00:00:08;55874;58;22;55775;583"
"Vídeo 52;Marcos;iPod;43004;0;0,0599436529662118;10;5;4;3;3;3;00:00:12;11;;;11;1"
"Vídeo 12;Osvaldo;iPad;42984;7165;17,3540342884546;3994;2207;1643;1239;1158;1066;00:00:20;4040;24;6;4040;16"
"Vídeo 55;Osvaldo;iPhone;43006;87764;308,771228771229;37592;16993;12960;8124;6535;3184;00:00:09;37846;14;30;37824;188"
"Vídeo 12;Osvaldo;iPhone;42984;182573;287,00595452184;85225;46470;36883;30129;28698;26723;00:00:17;86833;416;222;86770;907"
"Vídeo 55;Osvaldo;iPod;43006;0;0,14985014985015;12;6;4;3;3;2;00:00:11;12;;;12;"
"Vídeo 55;Osvaldo;Desktop;43006;11065;23,3566433566434;3829;1303;1003;690;592;406;00:00:07;3879;3;3;3869;24"
"Vídeo 55;Osvaldo;iPad;43006;1558;8,3016983016983;686;230;167;111;80;43;00:00:08;689;;1;689;2"
"Vídeo 55;Osvaldo;Outros;43006;0;0,0699300699300699;2;1;;;;;00:00:09;2;;;2;"
"Vídeo 55;Osvaldo;Tablet Android;43006;1346;4,85514485514486;627;244;185;123;100;58;00:00:10;631;1;;631;3"
"Vídeo 55;Osvaldo;Smartphone Android;43006;254273;654,495504495505;103371;43477;33822;21399;17046;9393;00:00:09;104411;89;76;104273;737"
"Vídeo 52;Marcos;iPhone;43004;59967;274,921573720703;29278;9852;9145;5562;3793;2856;00:00:07;29494;14;9;29462;161"
"Vídeo 52;Marcos;Tablet Android;43004;2550;11,4492377165464;1222;475;419;271;202;168;00:00:08;1241;2;1;1241;16"
"Vídeo 14;Osvaldo;iPad;42985;2553;11,3992846724079;1300;410;297;191;142;103;00:00:08;1317;2;;1310;8"
"Vídeo 42;Marcos;Tablet Android;42999;1472;4,98531380502328;853;343;243;119;81;55;00:00:09;855;1;;855;1"
"Vídeo 42;Marcos;Desktop;42999;81053;248,356544847843;44254;16643;12179;7257;5645;4507;00:00:09;44493;24;12;44421;130"
"Vídeo 14;Osvaldo;iPod;42985;20;0,0799248706216157;4;1;1;1;1;1;00:00:05;4;;;4;"
"Vídeo 14;Osvaldo;Desktop;42985;64313;180,55028273423;31058;9941;7054;4631;3531;3014;00:00:07;31346;53;16;31294;167"
"Vídeo 14;Osvaldo;Tablet Android;42985;2432;9,73085299818171;1253;420;296;196;147;117;00:00:07;1281;5;1;1275;16"
"Vídeo 14;Osvaldo;Smartphone Android;42985;260834;628,559154394869;92277;32971;25048;18110;14275;11649;00:00:06;94450;378;82;94089;1352"
"Vídeo 14;Osvaldo;Outros;42985;0;0,0499530441385098;1;1;1;1;1;;00:00:53;3;;;3;2"
"Vídeo 14;Osvaldo;iPhone;42985;54202;169,630547285552;21014;6069;4410;3043;2348;1802;00:00:06;21328;40;13;21255;188"
"Vídeo 42;Marcos;iPhone;42999;71160;226,606989429936;38366;13496;10084;6201;4642;3138;00:00:08;38536;19;10;38508;113"
"Vídeo 50;Marcos;Desktop;43003;12798;71,6526465122785;6187;1982;1144;652;468;383;00:00:07;6217;2;1;6211;21"
"Vídeo 50;Marcos;iPod;43003;30;0,149859132415529;18;11;7;5;4;2;00:00:17;18;;;18;"
"Vídeo 50;Marcos;Outros;43003;0;0,0599436529662118;3;3;2;1;1;1;00:00:24;3;;;3;"
"Vídeo 50;Marcos;Smartphone Android;43003;221340;765,520410813835;97116;36197;19278;11440;7639;5781;00:00:07;98201;205;28;98071;722"
"Vídeo 50;Marcos;Tablet Android;43003;2176;14,8560353267928;1662;597;313;184;130;98;00:00:08;1677;2;2;1677;11"
"Vídeo 50;Marcos;iPhone;43003;30203;131,796111655044;15207;5600;3057;1958;1347;1038;00:00:07;15354;31;9;15341;94"
"Vídeo 50;Marcos;iPad;43003;2112;15,9649929066677;1230;391;192;89;59;49;00:00:07;1234;1;;1233;2"
"Vídeo 42;Marcos;Outros;42999;56;0,189821567726337;;;;;;;00:00:00;0;;;;"
"Vídeo 42;Marcos;Smartphone Android;42999;201705;512,648110775871;96416;36530;26993;16155;12127;8948;00:00:08;97052;63;30;96932;423"
"Vídeo 33;Osvaldo;iPod;42995;28;0,0999060882770196;10;9;9;5;4;4;00:00:16;11;;;11;1"
"Vídeo 11;Luiz;iPhone;42984;167529;242,54201051012;77537;46604;25735;21088;19889;17965;00:00:18;78519;96;116;78292;537"
"Vídeo 11;Luiz;Desktop;42984;80373;85,010090514916;33416;19643;10759;8949;8503;7871;00:00:20;33663;36;22;33581;107"
"Vídeo 11;Luiz;iPod;42984;91;0,0799248706216157;38;23;15;12;12;12;00:00:33;38;;;38;"
"Vídeo 11;Luiz;Smartphone Android;42984;579119;657,442004515755;250124;157518;88152;71309;67654;60764;00:00:20;253409;358;270;252690;1938"
"Vídeo 11;Luiz;Outros;42984;297;0,0999060882770196;18;16;12;13;12;11;00:01:02;20;;;20;2"
"Vídeo 11;Luiz;Tablet Android;42984;2944;4,72555797550303;1631;974;488;397;381;340;00:00:20;1644;;1;1642;10"
"Vídeo 11;Luiz;iPad;42984;3711;10,1005055248067;2519;1444;726;582;531;480;00:00:20;2529;2;1;2527;5"
"Vídeo 53;Osvaldo;Desktop;43005;90615;346,556484773842;52406;18229;11264;6810;5325;4811;00:00:09;52774;112;12;52737;207"
"Vídeo 42;Marcos;iPad;42999;1677;7,08334165884069;1114;436;307;147;92;64;00:00:10;1118;;;1118;4"
"Vídeo 53;Osvaldo;iPhone;43005;43324;132,208339127153;21840;6172;3790;2315;1801;1671;00:00:07;21972;33;6;21962;83"
"Vídeo 53;Osvaldo;Tablet Android;43005;3264;13,7363183091317;2230;819;511;310;239;216;00:00:09;2254;6;1;2254;17"
"Vídeo 53;Osvaldo;iPad;43005;6486;28,6843725790111;3915;1265;845;508;379;350;00:00:10;3944;8;;3943;20"
"Vídeo 53;Osvaldo;Outros;43005;0;0,0893903577600763;5;2;2;2;1;2;00:00:20;5;;;5;"
"Vídeo 53;Osvaldo;Smartphone Android;43005;203821;478,675433543235;87749;29774;19174;11701;9071;8242;00:00:07;88820;317;39;88701;596"
"Vídeo 53;Osvaldo;iPod;43005;19;0,0496613098667091;6;1;1;;;;00:00:05;6;;;6;"
"Vídeo 42;Marcos;iPod;42999;30;0,129877914760125;15;9;9;6;5;4;00:00:17;16;;;15;"
"Vídeo 33;Osvaldo;Outros;42995;0;0,0399624353108078;2;1;1;1;1;1;00:00:29;2;;;2;"
"Vídeo 33;Osvaldo;iPad;42995;2272;13,1876036525666;1261;446;325;247;189;139;00:00:10;1267;1;;1267;5"
"Vídeo 20;Marcos;iPad;42988;1260;4,10614022818551;617;262;221;150;131;114;00:00:11;623;2;;623;4"
"Vídeo 20;Marcos;iPod;42988;0;0,0699342617939137;13;4;3;2;2;1;00:00:07;13;;;13;"
"Vídeo 20;Marcos;iPhone;42988;90736;241,642855715627;45746;21084;17899;13699;11423;10068;00:00:11;46112;36;28;46055;245"
"Vídeo 20;Marcos;Outros;42988;37;0,0399624353108078;1;1;1;1;1;1;00:00:29;1;;;1;"
"Vídeo 20;Marcos;Tablet Android;42988;1303;3,21697604252003;594;263;213;145;111;100;00:00:10;598;;;598;4"
"Vídeo 20;Marcos;Desktop;42988;29051;66,8971167102923;14115;5853;4579;3330;2874;2614;00:00:10;14190;8;5;14154;26"
"Vídeo 20;Marcos;Smartphone Android;42988;325832;684,02701460627;150996;71363;60813;46317;38003;34149;00:00:11;152423;166;73;152129;894"
"Vídeo 41;Osvaldo;iPod;42999;0;0,149859132415529;18;11;10;10;9;8;00:00:17;19;;;19;1"
"Vídeo 41;Osvaldo;Desktop;42999;74038;186,734469598577;23562;12105;10702;9080;7611;6831;00:00:11;23888;27;21;23809;198"
"Vídeo 41;Osvaldo;Tablet Android;42999;1408;5,24506963454353;614;297;256;208;181;163;00:00:11;632;;1;632;17"
"Vídeo 41;Osvaldo;iPhone;42999;51129;157,33210781865;18360;8922;7895;6660;5283;4663;00:00:10;18686;23;15;18641;243"
"Vídeo 41;Osvaldo;Outros;42999;291;0,429596179591184;18;17;17;15;14;12;00:00:39;18;;;18;"
"Vídeo 33;Osvaldo;Desktop;42995;17662;44,7579275481048;7334;2868;2313;1858;1652;1414;00:00:09;7395;5;1;7356;16"
"Vídeo 46;Marcos;Outros;43001;0;0,0799248706216157;2;2;1;;;;00:00:07;2;;;2;"
"Vídeo 33;Osvaldo;Tablet Android;42995;1536;7,40304114132715;845;319;235;177;137;110;00:00:09;850;;1;850;4"
"Vídeo 33;Osvaldo;Smartphone Android;42995;284132;697,584270785462;109189;44923;35729;29275;24831;19033;00:00:08;110048;57;23;109835;566"
"Vídeo 33;Osvaldo;iPhone;42995;64250;236,927288348952;27683;11072;8824;7549;6561;4684;00:00:09;27848;14;11;27822;114"
"Vídeo 46;Marcos;iPod;43001;0;0,0599436529662118;7;5;3;1;1;1;00:00:13;7;;;7;"
"Vídeo 46;Marcos;Desktop;43001;21333;60,7129298459448;9920;3682;1900;946;694;616;00:00:07;9980;15;2;9976;39"
"Vídeo 46;Marcos;Smartphone Android;43001;234776;696,844965732212;105482;55284;35714;17147;12490;11424;00:00:10;107053;334;95;106845;934"
"Vídeo 46;Marcos;Tablet Android;43001;3647;14,1267208823706;2165;1066;657;253;176;159;00:00:10;2187;9;;2187;13"
"Vídeo 46;Marcos;iPhone;43001;51191;201,450636401782;25164;12370;7508;3158;2213;2025;00:00:09;25394;42;17;25372;148"
"Vídeo 56;Marcos;Outros;43006;0;0,0199812176554039;3;3;3;3;3;3;00:00:56;3;;;3;"
"Vídeo 46;Marcos;iPad;43001;5055;26,7248786141027;3157;1501;826;264;175;157;00:00:10;3174;4;1;3174;12"
"Vídeo 56;Marcos;iPad;43006;3456;10,2203928307391;1865;993;936;590;444;381;00:00:15;1870;2;;1870;3"
"Vídeo 56;Marcos;Smartphone Android;43006;496197;754,161088576738;284866;159698;149201;99957;77605;66586;00:00:13;287392;629;232;287129;1402"
"Vídeo 56;Marcos;Tablet Android;43006;3584;6,76364217635423;2757;1483;1354;853;645;558;00:00:14;2778;8;;2774;9"
"Vídeo 56;Marcos;Desktop;43006;12494;15,2356784622455;6109;2569;2269;1489;1148;1034;00:00:10;6131;7;1;6124;7"
"Vídeo 56;Marcos;iPod;43006;0;0,0399624353108078;7;4;4;2;2;1;00:00:23;7;;;7;"
"Vídeo 56;Marcos;iPhone;43006;88693;213,559254300957;45158;26739;25420;17521;13897;11861;00:00:13;45556;91;67;45517;201"
"Vídeo 45;Osvaldo;Outros;43001;0;0,00999060882770196;;;;;;;00:00:00;0;;;;"
"Vídeo 45;Osvaldo;Tablet Android;43001;3200;8,53197993885748;2598;1256;1061;571;362;270;00:00:12;2602;2;;2602;2"
"Vídeo 45;Osvaldo;Smartphone Android;43001;350876;763,652166963055;226222;102089;84406;43361;27401;19525;00:00:10;227253;168;23;227157;744"
"Vídeo 45;Osvaldo;iPod;43001;0;0,0499530441385098;4;1;;;;;00:00:04;4;;;4;"
"Vídeo 45;Osvaldo;iPhone;43001;57722;183,847183647372;37447;15863;13251;6565;4093;2718;00:00:09;37545;13;6;37531;65"
"Vídeo 45;Osvaldo;Desktop;43001;17918;30,4913381421464;10765;3592;2748;1416;1032;812;00:00:08;10793;4;;10790;21"
"Vídeo 45;Osvaldo;iPad;43001;2880;13,4173876556037;2061;880;731;363;200;141;00:00:10;2065;1;;2065;3"
"Vídeo 54;Luiz;iPod;43005;0;0,0499540422811014;8;3;3;3;3;3;00:00:12;8;;;8;"
"Vídeo 41;Osvaldo;iPad;42999;1408;6,06429955841509;679;333;294;251;200;181;00:00:13;684;;;682;3"
"Vídeo 43;Osvaldo;iPod;43000;0;0,0799264676497622;7;6;5;5;5;2;00:00:23;7;;;7;"
"Vídeo 43;Osvaldo;Desktop;43000;37030;124,545418215242;16084;5315;3148;2109;1725;1191;00:00:07;16337;36;10;16317;169"
"Vídeo 15;Luiz;Smartphone Android;42986;308377;760,19541630867;115558;47480;36998;28866;23425;18380;00:00:09;117046;188;77;116895;1072"
"Vídeo 49;Luiz;Desktop;43003;8844;23,2881091773733;5628;1475;737;466;351;300;00:00:08;5646;2;;5641;5"
"Vídeo 49;Luiz;Tablet Android;43003;512;3,28691030431395;820;248;159;112;87;69;00:00:09;824;1;;824;3"
"Vídeo 49;Luiz;iPad;43003;1439;4,64563310488141;996;259;130;93;69;50;00:00:09;997;;;997;1"
"Vídeo 49;Luiz;iPod;43003;0;0,0399624353108078;13;5;3;3;3;2;00:00:12;13;;;13;"
"Vídeo 49;Luiz;Outros;43003;11;0,00999060882770196;;;;;;;00:00:00;0;;;;"
"Vídeo 15;Luiz;Outros;42986;0;0,00999060882770196;;;;;;;00:00:03;0;;;;"
"Vídeo 15;Luiz;Tablet Android;42986;1545;4,78550162846924;765;319;247;193;159;134;00:00:12;776;3;;776;8"
"Vídeo 15;Luiz;iPod;42986;0;0,0699342617939137;12;8;6;6;5;3;00:00:23;13;;;13;1"
"Vídeo 49;Luiz;Smartphone Android;43003;383439;741,562930845006;224603;73197;46068;33855;24108;19834;00:00:09;226169;289;69;225966;1005"
"Vídeo 15;Luiz;Desktop;42986;7167;16,124842647911;3324;940;589;410;326;274;00:00:06;3344;2;;3340;12"
"Vídeo 15;Luiz;iPhone;42986;70775;211,481207664795;27647;10568;8232;6416;5030;3926;00:00:09;27870;15;29;27849;158"
"Vídeo 15;Luiz;iPad;42986;1805;7,33310687953324;908;272;188;137;102;77;00:00:09;909;;;908;"
"Vídeo 27;Luiz;iPod;42992;0;0,0399624353108078;9;7;5;3;2;2;00:00:15;9;;;9;"
"Vídeo 27;Luiz;Desktop;42992;6021;16,0049553419785;2331;636;441;219;165;135;00:00:05;2345;1;;2343;5"
"Vídeo 27;Luiz;Smartphone Android;42992;233720;724,468999140808;115255;50088;38832;21997;13133;9323;00:00:09;115833;45;15;115820;505"
"Vídeo 27;Luiz;Tablet Android;42992;2498;9,77081543349252;1470;612;441;242;152;112;00:00:09;1475;2;;1475;3"
"Vídeo 49;Luiz;iPhone;43003;93300;227,166463524287;63012;17560;10423;7762;5502;4551;00:00:08;63375;71;21;63341;237"
"Vídeo 26;Osvaldo;iPad;42991;1280;6,30407417027994;576;223;102;66;54;44;00:00:07;580;2;;580;2"
"Vídeo 43;Osvaldo;Outros;43000;0;0,0399632338248811;2;;;;;;00:00:03;2;;;2;"
"Vídeo 43;Osvaldo;Tablet Android;43000;4671;22,0097510290533;2657;1051;709;557;436;236;00:00:10;2697;7;;2697;33"
"Vídeo 43;Osvaldo;Smartphone Android;43000;240997;694,830755704752;91450;42078;31602;26732;22731;13939;00:00:10;93973;482;103;93818;1783"
"Vídeo 43;Osvaldo;iPhone;43000;36412;129,750629420933;15189;5955;4268;3553;2954;1763;00:00:09;15469;56;18;15458;195"
"Vídeo 43;Osvaldo;iPad;43000;4288;28,7435559285457;2919;1056;681;539;415;212;00:00:11;2961;10;;2961;32"
"Vídeo 26;Osvaldo;iPhone;42991;61752;204,248006873539;20686;10729;5630;3981;3192;2389;00:00:08;20955;18;32;20933;197"
"Vídeo 26;Osvaldo;Desktop;42991;30908;90,9545027673987;8508;3014;1845;1326;1089;927;00:00:06;8647;10;9;8609;76"
"Vídeo 26;Osvaldo;iPod;42991;64;0,259755829520251;21;14;6;6;5;3;00:00:10;21;;;21;"
"Vídeo 26;Osvaldo;Smartphone Android;42991;259740;691,470018182908;77725;40389;22861;15999;12842;9811;00:00:08;79293;157;76;79064;1106"
"Vídeo 26;Osvaldo;Tablet Android;42991;1792;6,73367034987112;699;299;155;99;84;64;00:00:08;711;;;710;11"
"Vídeo 26;Osvaldo;Outros;42991;25;0,0299718264831059;1;;;;;;00:00:03;1;;;1;"
"Vídeo 27;Luiz;iPad;42992;3331;17,4735748396507;1692;679;508;207;108;65;00:00:07;1694;;;1694;2"
"Vídeo 27;Luiz;Outros;42992;0;0,0199812176554039;;;;;;;00:00:01;0;;;;"
"Vídeo 27;Luiz;iPhone;42992;56364;232,221711591104;27046;10986;8339;3989;2154;1453;00:00:07;27110;3;7;27104;48"
"Vídeo 34;Marcos;iPod;42995;37;0,149862126843304;14;4;4;2;;;00:00:05;14;;;14;"
"Vídeo 34;Marcos;Desktop;42995;26031;70,664988210846;9836;3101;2455;1517;1251;684;00:00:06;9929;7;6;9916;54"
"Vídeo 34;Marcos;Tablet Android;42995;2688;9,75102905327099;1329;453;335;190;142;74;00:00:07;1347;4;;1347;14"
"Vídeo 34;Marcos;iPhone;42995;52921;178,865443791712;20650;7746;6173;3961;3158;1121;00:00:06;20939;29;28;20908;201"
"Vídeo 34;Marcos;iPad;42995;2284;11,8790712544459;1153;317;227;114;78;37;00:00:06;1161;;1;1160;6"
"Vídeo 34;Marcos;Outros;42995;0;0,0299724253686608;;;;;;;00:00:00;0;;;;"
"Vídeo 29;Marcos;Smartphone Android;42993;184618;526,305798665228;99430;38438;34281;18092;12449;8879;00:00:08;100250;168;46;100168;524"
"Vídeo 35;Luiz;Outros;42996;0;0,0799264676497622;3;2;2;2;2;2;00:00:24;3;;;3;"
"Vídeo 21;Osvaldo;iPad;42989;2454;7,81281221276426;1006;272;188;119;91;61;00:00:07;1011;;;1008;2"
"Vídeo 21;Osvaldo;iPhone;42989;84980;192,622787035927;30821;9065;5881;4134;3187;2383;00:00:06;31114;30;15;31060;194"
"Vídeo 35;Luiz;iPod;42996;0;0,0799264676497622;15;7;6;5;5;6;00:00:12;16;;1;16;"
"Vídeo 35;Luiz;iPad;42996;4601;14,7364424729249;1811;749;633;580;532;500;00:00:11;1821;1;3;1821;6"
"Vídeo 35;Luiz;Desktop;42996;26108;41,2420573072773;8474;3661;3178;2841;2682;2597;00:00:09;8647;20;19;8613;87"
"Vídeo 35;Luiz;Tablet Android;42996;1152;6,56396115573672;1015;454;389;342;318;304;00:00:11;1028;3;;1026;8"
"Vídeo 35;Luiz;Smartphone Android;42996;348875;685,779083243416;109231;52380;46600;43171;40641;39271;00:00:10;111147;270;264;110826;1060"
"Vídeo 35;Luiz;iPhone;42996;112367;251,518602885346;37797;16939;14907;13834;12920;12409;00:00:10;38253;43;90;38179;249"
"Vídeo 39;Osvaldo;Outros;42998;0;0,00999080845622028;;;;;;;00:00:01;0;;;;"
"Vídeo 39;Osvaldo;Smartphone Android;42998;354904;785,087719298246;131905;64768;59624;50563;41261;33439;00:00:10;134328;405;141;134060;1608"
"Vídeo 39;Osvaldo;Tablet Android;42998;4224;12,0589058066579;2055;979;877;752;577;463;00:00:12;2079;2;2;2079;20"
"Vídeo 39;Osvaldo;iPad;42998;3584;19,2522878951365;2067;786;697;548;375;285;00:00:11;2080;3;1;2080;9"
"Vídeo 39;Osvaldo;Desktop;42998;13822;19,8817088278784;4822;1890;1573;1301;1139;1011;00:00:09;4909;4;7;4890;45"
"Vídeo 39;Osvaldo;iPhone;42998;59517;163,659433321344;21494;9387;8426;6815;5225;4066;00:00:09;21738;40;26;21718;158"
"Vídeo 39;Osvaldo;iPod;42998;0;0,0499540422811014;7;2;2;2;2;2;00:00:12;7;;;7;"
"Vídeo 34;Marcos;Smartphone Android;42995;271005;728,659633137514;97967;41507;33779;21389;17040;7001;00:00:07;99942;270;86;99745;1422"
"Vídeo 29;Marcos;Desktop;42993;54266;182,122447348439;31462;11958;10435;4986;3471;2774;00:00:08;31642;43;12;31624;94"
"Vídeo 21;Osvaldo;iPod;42989;47;0,0799264676497622;20;8;6;6;3;2;00:00:12;20;;;20;"
"Vídeo 25;Marcos;iPhone;42991;71841;250,339687487511;35156;14359;9966;5257;4237;3220;00:00:08;35363;9;11;35331;155"
"Vídeo 47;Osvaldo;iPhone;43002;61662;163,369699876114;18566;6475;7472;4547;3873;2622;00:00:06;19028;55;23;18991;347"
"Vídeo 47;Osvaldo;Tablet Android;43002;2986;7,87275706350158;960;357;412;254;212;152;00:00:07;993;3;;990;27"
"Vídeo 47;Osvaldo;Outros;43002;128;0,379650721336371;19;18;18;17;17;17;00:00:28;23;1;;22;2"
"Vídeo 47;Osvaldo;Smartphone Android;43002;334024;672,431363145906;90655;35718;40212;26597;23319;14631;00:00:06;93561;442;149;93250;2003"
"Vídeo 47;Osvaldo;iPad;43002;1535;6,74379570794869;639;202;248;139;120;91;00:00:07;641;;;641;2"
"Vídeo 25;Marcos;Desktop;42991;44141;107,640970307317;22141;9495;6863;4476;3815;3209;00:00:09;22343;9;10;22282;101"
"Vídeo 25;Marcos;iPod;42991;0;0,119889701474643;20;7;2;2;2;2;00:00:07;20;;;20;"
"Vídeo 25;Marcos;iPad;42991;1613;6,71382328258003;834;337;230;111;86;65;00:00:08;836;;;836;2"
"Vídeo 47;Osvaldo;Desktop;43002;75990;148,972944890701;25149;9124;10423;6516;5524;4129;00:00:06;25603;74;18;25518;242"
"Vídeo 25;Marcos;Tablet Android;42991;1382;4,27606601926228;636;281;188;103;84;70;00:00:09;645;1;;645;8"
"Vídeo 25;Marcos;Smartphone Android;42991;231259;630,839627542661;103391;45021;31641;17686;14378;11633;00:00:08;104411;80;35;104238;732"
"Vídeo 25;Marcos;Outros;42991;50;0,069935659193542;;;;;;;00:00:00;0;;;;"
"Vídeo 47;Osvaldo;iPod;43002;67;0,229788594493066;27;13;14;12;11;8;00:00:11;30;;;28;1"
"Vídeo 29;Marcos;iPhone;42993;67192;248,171682052512;41008;14372;12574;6356;4406;2967;00:00:07;41236;39;22;41218;149"
"Vídeo 36;Osvaldo;Outros;42996;0;0,0799264676497622;4;3;3;3;3;2;00:00:31;4;;;4;"
"Vídeo 29;Marcos;Tablet Android;42993;2176;10,9499260680174;1894;722;634;324;202;150;00:00:08;1902;;;1902;8"
"Vídeo 29;Marcos;iPad;42993;5119;32,2603205051353;4329;1570;1342;644;423;287;00:00:09;4355;9;1;4355;16"
"Vídeo 29;Marcos;Outros;42993;33;0,119889701474643;4;3;2;;;;00:00:08;4;;;4;"
"Vídeo 29;Marcos;iPod;42993;0;0,069935659193542;7;3;3;1;1;1;00:00:10;7;;;7;"
"Vídeo 36;Osvaldo;iPod;42996;0;0,189825360668185;29;7;7;3;3;3;00:00:08;30;;;30;1"
"Vídeo 36;Osvaldo;iPhone;42996;83058;234,344403149103;40783;10845;9744;5825;4501;3400;00:00:05;41204;44;74;41176;275"
"Vídeo 36;Osvaldo;iPad;42996;1510;6,65387843184271;710;187;160;78;58;39;00:00:06;715;1;1;715;3"
"Vídeo 36;Osvaldo;Desktop;42996;19069;26,6854493865644;5528;2202;2073;1529;1341;1156;00:00:08;5607;3;9;5593;37"
"Vídeo 36;Osvaldo;Smartphone Android;42996;347974;727,650561483435;162358;47769;43180;26756;20915;16614;00:00:06;164269;205;200;164059;1296"
"Vídeo 36;Osvaldo;Tablet Android;42996;1605;4,39595572073692;745;207;186;107;73;49;00:00:06;758;2;2;756;7"
"Vídeo 21;Osvaldo;Desktop;42989;24317;44,359189545618;8578;3117;2250;1796;1574;1303;00:00:09;8772;16;5;8730;113"
"Vídeo 21;Osvaldo;Smartphone Android;42989;393672;747,292490908364;158031;49950;34094;24455;19269;15106;00:00:07;160648;386;108;160246;1721"
"Vídeo 38;Luiz;iPod;42997;0;0,0899154794493176;16;8;7;1;1;1;00:00:07;16;;;16;"
"Vídeo 38;Luiz;iPhone;42997;99673;250,19481687214;48809;18844;14844;5723;4134;1673;00:00:06;49126;19;11;49079;240"
"Vídeo 38;Luiz;Outros;42997;0;0;1;1;1;;;;00:00:19;1;;;1;"
"Vídeo 22;Marcos;iPad;42989;1345;10,2905327099069;843;203;152;107;87;72;00:00:14;851;;1;851;7"
"Vídeo 22;Marcos;iPod;42989;0;0,0999080845622028;7;5;3;3;2;2;00:00:11;8;;;8;1"
"Vídeo 22;Marcos;Desktop;42989;54700;184,740039163969;18270;4522;3607;2498;2037;1731;00:00:05;18423;9;5;18383;85"
"Vídeo 22;Marcos;Tablet Android;42989;2498;11,8490988290772;1056;345;265;194;160;119;00:00:07;1074;1;;1074;17"
"Vídeo 22;Marcos;iPhone;42989;42210;141,459856931623;14852;6156;5554;4948;4282;3111;00:00:08;15279;19;30;15229;327"
"Vídeo 22;Marcos;Smartphone Android;42989;229047;651,490628621668;72162;28715;25111;21657;18824;14965;00:00:07;74332;187;99;74106;1657"
"Vídeo 22;Marcos;Outros;42989;30;0,0699356591935419;;;;;;;00:00:00;0;;;;"
"Vídeo 38;Luiz;iPad;42997;1025;3,50670369852339;546;207;168;65;47;22;00:00:06;546;;;546;"
"Vídeo 38;Luiz;Tablet Android;42997;1025;2,30783063919915;476;221;185;74;50;27;00:00:06;488;5;;486;5"
"Vídeo 21;Osvaldo;Tablet Android;42989;2923;7,75286736202693;1173;390;240;164;128;97;00:00:07;1200;4;1;1198;20"
"Vídeo 24;Luiz;iPod;42990;0;0,219797786036846;25;12;8;6;5;4;00:00:11;25;;;25;"
"Vídeo 18;Osvaldo;Smartphone Android;42987;256728;737,641369939655;84220;35062;35146;24488;20995;13693;00:00:07;87110;392;107;86786;2067"
"Vídeo 24;Luiz;Outros;42990;0;0,0499540422811014;1;;;;;;00:00:02;1;;;1;"
"Vídeo 24;Luiz;Smartphone Android;42990;202318;630,270151460656;83974;27945;20427;12964;9219;6635;00:00:06;84642;30;34;84480;442"
"Vídeo 24;Luiz;Desktop;42990;31328;76,5995284338409;10837;3452;2708;1926;1533;1244;00:00:07;10951;5;7;10925;65"
"Vídeo 24;Luiz;iPhone;42990;77199;283,888822283499;32272;10566;7652;4934;3420;2388;00:00:06;32470;2;25;32427;128"
"Vídeo 24;Luiz;Tablet Android;42990;1345;4,55580865603645;495;153;109;65;48;30;00:00:06;505;1;1;504;7"
"Vídeo 24;Luiz;iPad;42990;1029;4,41593733764936;394;106;80;52;34;28;00:00:06;396;;;396;2"
"Vídeo 10;Osvaldo;Outros;42983;0;0,0199816169124406;1;1;1;1;1;1;00:00:24;1;;;1;"
"Vídeo 18;Osvaldo;Tablet Android;42987;3779;15,9253486792151;1502;480;484;292;246;191;00:00:07;1541;3;;1538;33"
"Vídeo 10;Osvaldo;iPod;42983;21;0,069935659193542;11;4;4;3;3;2;00:00:16;11;;;11;"
"Vídeo 10;Osvaldo;Tablet Android;42983;1601;8,5221596131559;1135;424;391;286;259;234;00:00:09;1154;3;2;1153;13"
"Vídeo 10;Osvaldo;Smartphone Android;42983;242260;719,997602205971;104289;42271;39805;32430;29440;26493;00:00:09;105871;181;73;105737;1194"
"Vídeo 10;Osvaldo;Desktop;42983;8455;24,6473244614954;3965;1115;975;646;567;505;00:00:06;3994;2;2;3990;20"
"Vídeo 10;Osvaldo;iPad;42983;1976;12,0589058066579;998;271;233;153;131;104;00:00:07;1004;2;;1004;4"
"Vídeo 10;Osvaldo;iPhone;42983;66682;234,684090636614;26842;11943;11367;9445;8630;7362;00:00:09;27187;17;17;27151;275"
"Vídeo 21;Osvaldo;Outros;42989;0;0,0799264676497622;4;2;2;1;1;1;00:00:18;4;;;4;"
"Vídeo 18;Osvaldo;iPhone;42987;41955;139,611557367222;13719;5088;5111;3361;2885;1752;00:00:06;14073;28;20;14036;269"
"Vídeo 18;Osvaldo;Outros;42987;0;0,129880509930864;6;5;4;4;5;5;00:00:16;6;;;6;"
"Vídeo 38;Luiz;Desktop;42997;6706;9,45111595100606;2909;1164;955;400;310;182;00:00:06;2923;2;;2922;7"
"Vídeo 48;Luiz;iPhone;43002;133629;281,750789273868;49397;19594;17234;15153;14627;10869;00:00:09;49979;82;90;49917;348"
"Vídeo 38;Luiz;Smartphone Android;42997;368968;734,449617359682;163872;73064;58707;25037;18611;8474;00:00:06;165742;233;50;165478;1323"
"Vídeo 48;Luiz;iPod;43002;0;0,0499540422811014;10;7;6;4;4;1;00:00:10;10;;;10;"
"Vídeo 48;Luiz;Smartphone Android;43002;411906;649,082843783719;126489;57813;52254;46743;45192;35413;00:00:09;129019;451;301;128661;1419"
"Vídeo 48;Luiz;Desktop;43002;46251;52,8313951164928;12206;6333;5834;5197;5029;4316;00:00:13;12490;43;28;12452;121"
"Vídeo 48;Luiz;Tablet Android;43002;1919;3,46681053430844;648;282;257;216;211;179;00:00:15;662;4;1;659;6"
"Vídeo 48;Luiz;Outros;43002;273;0,189825360668185;13;11;11;11;11;11;00:00:37;13;;;13;"
"Vídeo 48;Luiz;iPad;43002;4228;12,6283818886624;1843;739;659;594;571;428;00:00:12;1850;1;1;1850;5"
"Vídeo 18;Osvaldo;iPad;42987;2496;14,3567917515885;1119;286;286;168;131;94;00:00:06;1134;1;;1133;13"
"Vídeo 18;Osvaldo;iPod;42987;0;0,189825360668185;18;8;8;6;5;3;00:00:09;19;;;19;1"
"Vídeo 18;Osvaldo;Desktop;42987;45991;92,1452263917196;12507;4505;4554;3203;2790;2048;00:00:06;12833;34;19;12769;192"
"Vídeo 41;Osvaldo;Smartphone Android;42999;245790;644,044598077807;80710;43946;39052;33541;27158;24317;00:00:10;82849;197;76;82557;1574"
"Vídeo 40;Marcos;iPod;42998;0;0,03996003996004;7;3;3;3;3;2;00:00:18;7;;;7;"
"Vídeo 7;Osvaldo;Tablet Android;42982;768;3,0156455272901;562;277;269;190;142;126;00:00:09;568;3;;568;3"
"Vídeo 7;Osvaldo;Outros;42982;0;0,0895736295234683;2;;;;;;00:00:03;2;;;2;"
"Vídeo 7;Osvaldo;Smartphone Android;42982;354525;697,788526613321;151001;72368;70887;52570;37404;32806;00:00:08;151603;34;32;151509;442"
"Vídeo 7;Osvaldo;iPad;42982;2048;6,71802221426012;1377;674;665;516;365;309;00:00:11;1379;;;1379;2"
"Vídeo 7;Osvaldo;iPod;42982;26;0,0597157530156455;9;3;3;2;2;1;00:00:05;9;;;9;"
"Vídeo 7;Osvaldo;iPhone;42982;108021;238,544528046499;50401;23539;23062;17215;12038;10201;00:00:08;50544;5;9;50522;107"
"Vídeo 7;Osvaldo;Desktop;42982;33635;53,7839882160914;16432;7210;7035;4752;3382;2946;00:00:09;16453;2;3;16448;10"
"Vídeo 1;Osvaldo;Outros;42979;0;0,219053688067548;15;10;10;10;10;10;00:00:29;15;;;15;"
"Vídeo 1;Osvaldo;iPod;42979;0;0,0298709574637566;7;1;1;;;;00:00:06;7;;;7;"
"Vídeo 1;Osvaldo;Tablet Android;42979;2368;9,83750199139716;905;308;224;175;147;130;00:00:07;930;2;4;927;16"
"Vídeo 1;Osvaldo;Smartphone Android;42979;363227;872,431097658117;107811;38248;29286;23214;19532;16782;00:00:07;110035;256;144;109689;1478"
"Vídeo 1;Osvaldo;iPhone;42979;23870;71,0132228771706;7234;2736;2158;1780;1515;1248;00:00:08;7380;13;15;7364;102"
"Vídeo 1;Osvaldo;iPad;42979;384;2,83774095905687;240;90;57;47;38;34;00:00:08;242;;;242;2"
"Vídeo 9;Luiz;Smartphone Android;42983;214960;661,664976234513;83194;28332;21399;17862;14769;10504;00:00:08;84845;227;68;84690;1201"
"Vídeo 2;Marcos;Tablet Android;42979;3456;15,8761698491863;1441;378;383;197;172;150;00:00:05;1468;2;1;1466;22"
"Vídeo 2;Marcos;Smartphone Android;42979;258092;668,796073678145;82588;28467;29038;19350;17308;15807;00:00:05;84262;138;104;83969;1138"
"Vídeo 2;Marcos;Desktop;42979;57148;174,528583066743;22474;5879;6024;3480;2856;2534;00:00:05;22650;15;11;22602;102"
"Vídeo 9;Luiz;iPod;42983;0;0,0994371855299008;14;2;1;1;1;1;00:00:07;14;;;14;"
"Vídeo 9;Luiz;Desktop;42983;71815;212,43760316608;29860;8077;5454;3838;3123;2420;00:00:06;30070;29;5;30035;140"
"Vídeo 9;Luiz;Tablet Android;42983;3441;14,060418033928;1442;438;277;199;161;110;00:00:07;1472;4;1;1472;25"
"Vídeo 9;Luiz;Outros;42983;0;0,278424119483722;7;5;4;3;3;3;00:00:28;7;;;7;"
"Vídeo 9;Luiz;iPad;42983;1920;12,4793667840025;1463;367;253;199;155;108;00:00:08;1475;2;;1474;9"
"Vídeo 9;Luiz;iPhone;42983;31166;98,9797744764632;13052;3965;2970;2542;2071;1336;00:00:08;13252;17;10;13238;159"
"Vídeo 1;Osvaldo;Desktop;42979;21758;43,6315118687271;5752;2084;1656;1336;1167;962;00:00:08;5831;9;10;5813;42"
"Vídeo 3;Luiz;Outros;42980;65;0,139453342895848;8;5;4;3;3;1;00:00:19;9;1;;9;"
"Vídeo 2;Marcos;iPad;42979;1920;9,20976811651797;934;237;240;146;126;114;00:00:07;942;;2;941;5"
"Vídeo 5;Luiz;iPad;42981;1;0;1;1;1;1;1;;00:00:36;1;;;1;"
"Vídeo 4;Marcos;Tablet Android;42980;2792;5,78421578421578;1079;486;359;310;280;264;00:00:13;1110;9;2;1109;19"
"Vídeo 4;Marcos;Desktop;42980;23934;28,3616383616384;7883;3324;2740;2339;2128;2031;00:00:12;8113;50;17;8089;139"
"Vídeo 4;Marcos;Outros;42980;0;1,4985014985015;42;36;15;9;8;7;00:00:23;42;;;42;"
"Vídeo 4;Marcos;iPod;42980;0;0,01998001998002;5;2;2;2;2;2;00:00:20;5;;;5;"
"Vídeo 4;Marcos;Smartphone Android;42980;429784;746,833166833167;151755;64837;50957;43673;39564;37411;00:00:10;156700;1155;284;156260;3065"
"Vídeo 4;Marcos;iPad;42980;2792;5,78421578421578;1069;478;389;335;302;282;00:00:13;1085;4;;1085;12"
"Vídeo 5;Luiz;Desktop;42981;16;0,0998153416180067;7;1;1;1;1;;00:00:05;7;;;7;"
"Vídeo 5;Luiz;iPhone;42981;43;0,14972301242701;9;2;2;1;1;1;00:00:02;9;;;9;"
"Vídeo 6;Luiz;Smartphone Android;42981;310553;816,163836163836;119986;39965;26041;15459;12078;9799;00:00:06;120952;137;54;120803;625"
"Vídeo 5;Luiz;Smartphone Android;42981;169;0,59889204970804;48;23;24;12;9;8;00:00:05;48;;;48;"
"Vídeo 5;Luiz;Desktop;42981;1503;2,91460797524579;502;145;149;90;72;60;00:00:05;503;;;503;1"
"Vídeo 5;Luiz;iPhone;42981;46715;149,543344812098;16622;8671;8738;4980;3659;2993;00:00:07;16722;12;10;16718;74"
"Vídeo 5;Luiz;Smartphone Android;42981;265956;828,886559864251;108591;56452;57281;34134;24896;19968;00:00:07;109462;141;20;109383;631"
"Vídeo 5;Luiz;iPad;42981;448;3,13420172680541;349;156;160;94;69;55;00:00:07;350;;;350;1"
"Vídeo 5;Luiz;iPod;42981;7;0,00998153416180067;4;3;3;1;1;;00:00:12;4;;;4;"
"Vídeo 5;Luiz;Outros;42981;64;8,82367619903179;182;154;157;67;49;42;00:00:16;182;;;182;"
"Vídeo 4;Marcos;iPhone;42980;102774;211,718281718282;38266;17044;13821;12141;11089;10379;00:00:11;38976;128;65;38916;457"
"Vídeo 6;Luiz;Desktop;42981;18448;41,7882117882118;7285;2454;1755;1242;1047;874;00:00:08;7319;3;3;7315;24"
"Vídeo 3;Luiz;iPod;42980;0;0,0996095306398916;9;3;1;;;;00:00:04;9;;;9;"
"Vídeo 8;Marcos;Tablet Android;42982;1856;7,8021978021978;1003;303;232;162;114;95;00:00:06;1021;1;;1019;15"
"Vídeo 3;Luiz;iPad;42980;1600;8,25763009004701;1121;438;339;257;218;168;00:00:10;1133;2;;1133;10"
"Vídeo 3;Luiz;iPhone;42980;81910;320,792493425771;34731;13230;10382;7845;6649;4596;00:00:09;35302;80;10;35296;475"
"Vídeo 3;Luiz;Tablet Android;42980;2096;8,38712247987887;842;321;225;148;129;101;00:00:09;860;4;;858;12"
"Vídeo 3;Luiz;Smartphone Android;42980;191784;624,123436130369;71874;27041;20553;14317;11506;8145;00:00:08;73281;219;34;73227;1100"
"Vídeo 3;Luiz;Desktop;42980;15806;38,2002550003984;7311;2533;1937;1454;1244;1048;00:00:09;7357;11;3;7353;28"
"Vídeo 8;Marcos;iPod;42982;0;0,04995004995005;7;2;1;1;1;1;00:00:06;7;;;7;"
"Vídeo 8;Marcos;iPad;42982;2247;7,92207792207792;1070;276;228;148;106;84;00:00:07;1071;1;;1071;"
"Vídeo 8;Marcos;Desktop;42982;7423;18,1418581418581;3460;928;753;540;435;385;00:00:06;3484;;2;3479;17"
"Vídeo 6;Luiz;iPhone;42981;36639;115,714285714286;13711;4280;2753;1660;1231;926;00:00:06;13793;11;4;13784;58"
"Vídeo 8;Marcos;iPhone;42982;64260;169,330669330669;23361;7317;6302;4503;3279;2630;00:00:06;23564;21;19;23549;148"
"Vídeo 8;Marcos;Outros;42982;256;28,3416583416583;760;664;350;183;154;137;00:00:17;760;;;760;"
"Vídeo 8;Marcos;Smartphone Android;42982;278885;768,411588411588;106877;36707;31428;22249;17009;14327;00:00:06;108204;171;72;108037;917"
"Vídeo 6;Luiz;Tablet Android;42981;1344;5,97402597402597;792;252;162;90;69;56;00:00:07;795;;;794;2"
"Vídeo 6;Luiz;iPod;42981;0;0,0599400599400599;4;2;2;2;2;2;00:00:24;4;;;4;"
"Vídeo 6;Luiz;iPad;42981;832;4,57542457542458;582;157;102;56;41;28;00:00:07;587;1;;587;4"
"Vídeo 6;Luiz;Outros;42981;128;15,7242757242757;410;337;149;91;72;60;00:00:19;410;;;410;"
"Vídeo 2;Marcos;iPod;42979;0;0,129155324179864;14;5;5;3;3;3;00:00:07;15;;;15;1"
"Vídeo 2;Marcos;iPhone;42979;39293;131,251614441552;16340;4871;4965;3230;2840;2533;00:00:06;16584;15;14;16558;189"
"Vídeo 2;Marcos;Outros;42979;64;0,208635523675164;3;2;2;1;1;;00:00:07;3;;;3;"
"Vídeo 5;Luiz;Tablet Android;42981;2119;5,83919748465339;904;428;438;263;184;148;00:00:07;913;1;;913;8"
"Vídeo 60;Marcos;iPod;43008;0;0,0899154794493176;7;3;3;3;2;2;00:00:08;7;;;7;"
"Vídeo 60;Marcos;Tablet Android;43008;1536;6,58381121745559;825;310;307;230;182;140;00:00:07;837;3;;837;9"
"Vídeo 40;Marcos;Smartphone Android;42998;494237;765,084915084915;195005;88257;75866;56991;48942;45422;00:00:10;201771;2292;267;201287;3723"
"Vídeo 19;Marcos;Outros;42988;15;0,00999080845622028;3;3;2;2;2;2;00:01:37;5;;;3;"
"Vídeo 19;Marcos;iPod;42988;12;0,0199816169124406;8;3;1;1;1;1;00:00:16;11;;1;9;"
"Vídeo 19;Marcos;Desktop;42988;17790;39,823362506494;9755;3382;1205;958;805;697;00:00:12;9829;24;8;9814;27"
"Vídeo 19;Marcos;Tablet Android;42988;2816;12,8481796746993;2854;1188;421;310;256;208;00:00:15;2884;7;3;2878;14"
"Vídeo 19;Marcos;Smartphone Android;42988;331291;831,9945650002;179611;74019;29786;23219;18850;15940;00:00:14;182041;764;111;181680;1194"
"Vídeo 19;Marcos;iPad;42988;3157;10,7900731327179;1856;668;205;146;119;100;00:00:12;1864;2;1;1861;2"
"Vídeo 19;Marcos;iPhone;42988;38140;104,51384726052;20735;7620;2926;2244;1771;1488;00:00:12;20945;61;13;20902;93"
"Vídeo 40;Marcos;iPhone;42998;86639;183,976023976024;34147;16421;14527;11054;9670;8823;00:00:10;35072;299;69;35018;503"
"Vídeo 40;Marcos;Desktop;42998;23338;33,1768231768232;9427;3505;2794;2060;1773;1572;00:00:09;9608;64;10;9578;77"
"Vídeo 40;Marcos;iPad;42998;3327;9,88011988011988;1794;776;671;478;411;381;00:00:11;1827;17;1;1826;14"
"Vídeo 40;Marcos;Tablet Android;42998;4095;7,8021978021978;1914;841;715;532;458;422;00:00:12;1988;26;;1982;42"
"Vídeo 40;Marcos;Outros;42998;40;0,03996003996004;2;2;2;2;2;2;00:00:40;2;;;2;"
"Vídeo 60;Marcos;Smartphone Android;43008;334345;864,147701160909;118195;51313;50643;41146;33004;24098;00:00:07;120003;180;66;119829;1388"
"Vídeo 59;Osvaldo;Smartphone Android;43008;243760;664,994904789498;98248;33737;23630;15451;11516;9582;00:00:07;99144;59;43;99035;685"
"Vídeo 31;Luiz;Tablet Android;42994;2470;8,54214123006834;1281;531;372;279;221;200;00:00:11;1297;4;1;1297;11"
"Vídeo 31;Luiz;iPhone;42994;61818;177,137033928786;28818;13476;10124;7837;6082;5085;00:00:11;29046;27;28;29037;164"
"Vídeo 31;Luiz;iPad;42994;3703;14,466690644607;2096;905;684;517;381;345;00:00:13;2106;3;1;2105;5"
"Vídeo 59;Osvaldo;Outros;43008;0;0,0899154794493176;5;2;2;;;;00:00:06;5;;;5;"
"Vídeo 59;Osvaldo;iPod;43008;30;0,0899154794493176;8;5;1;1;1;1;00:00:05;8;;;8;"
"Vídeo 59;Osvaldo;Desktop;43008;34494;123,004375886667;19315;6351;4110;2534;1938;1677;00:00:08;19386;9;3;19375;47"
"Vídeo 59;Osvaldo;iPhone;43008;43581;188,632685275841;22061;6986;4803;3072;2225;1814;00:00:08;22187;15;5;22176;95"
"Vídeo 59;Osvaldo;iPad;43008;1856;9,94065578356345;1285;402;249;135;89;70;00:00:09;1295;3;;1293;5"
"Vídeo 31;Luiz;Smartphone Android;42994;260967;692,972465331895;118350;52130;37122;27897;21197;17851;00:00:10;119733;256;73;119616;937"
"Vídeo 59;Osvaldo;Tablet Android;43008;3379;13,2475473055328;1586;545;369;224;169;143;00:00:08;1606;3;;1606;17"
"Vídeo 44;Luiz;Outros;43000;19;0,0399624353108078;2;1;2;1;1;1;00:00:12;2;;;2;"
"Vídeo 44;Luiz;Desktop;43000;22881;33,4785301816293;10462;3575;3959;2593;2202;1932;00:00:07;10494;3;2;10484;17"
"Vídeo 44;Luiz;iPhone;43000;121848;290,566867144884;47114;23150;24026;18912;14877;11450;00:00:07;47372;19;48;47353;172"
"Vídeo 44;Luiz;Smartphone Android;43000;300268;664,745139568805;121530;56562;59355;45967;37606;31326;00:00:07;122424;72;108;122316;606"
"Vídeo 44;Luiz;iPad;43000;1664;6,83357643814814;1060;448;471;325;241;195;00:00:08;1063;;;1063;3"
"Vídeo 44;Luiz;Tablet Android;43000;1733;4,28597118708414;736;300;322;227;175;138;00:00:07;738;;;737;1"
"Vídeo 31;Luiz;Outros;42994;55;0,199816169124406;4;3;2;1;1;1;00:00:17;4;;;4;"
"Vídeo 31;Luiz;iPod;42994;0;0,149862126843304;11;5;3;2;1;1;00:00:08;11;;;11;"
"Vídeo 37;Marcos;Smartphone Android;42997;569887;871,920394828861;230447;86630;65834;44748;32654;26236;00:00:07;234017;653;288;233598;2209"
"Vídeo 31;Luiz;Desktop;42994;36349;106,531990568677;17091;6397;4755;3670;3067;2644;00:00:10;17209;21;11;17201;78"
"Vídeo 30;Osvaldo;Desktop;42993;98294;129,850537505495;38612;19934;17140;14837;13447;9931;00:00:15;39199;158;37;39142;335"
"Vídeo 30;Osvaldo;iPod;42993;0;0,139871318387084;33;17;14;13;9;3;00:00:18;33;;;33;"
"Vídeo 30;Osvaldo;Tablet Android;42993;2176;5,79466890460776;1210;643;551;474;419;288;00:00:15;1226;5;;1225;10"
"Vídeo 30;Osvaldo;Outros;42993;0;0,0899172761059825;7;6;7;6;6;5;00:00:48;7;;;7;"
"Vídeo 30;Osvaldo;Smartphone Android;42993;415701;703,29297046717;183390;96920;86921;77203;69017;47948;00:00:14;187101;938;194;186795;2273"
"Vídeo 30;Osvaldo;iPhone;42993;72697;155,606841705631;35452;18652;16824;15158;13432;8438;00:00:15;35986;123;49;35960;336"
"Vídeo 30;Osvaldo;iPad;42993;2048;5,2251928226032;1023;551;483;410;352;218;00:00:15;1030;;;1029;6"
"Vídeo 44;Luiz;iPod;43000;0;0,0499530441385098;8;4;5;4;4;4;00:00:10;8;;;8;"
"Vídeo 37;Marcos;iPhone;42997;60534;92,0734509561013;21429;7333;5418;3856;2938;2312;00:00:06;21753;57;38;21720;196"
"Vídeo 28;Osvaldo;Smartphone Android;42992;306524;651,947169660519;118824;36171;21270;19515;17135;13003;00:00:10;121270;432;175;121078;1646"
"Vídeo 28;Osvaldo;Outros;42992;0;0,159849741243231;2;;;;;;00:00:03;2;;;2;"
"Vídeo 28;Osvaldo;Tablet Android;42992;2982;7,88259036505685;1336;406;220;191;167;133;00:00:11;1368;13;1;1368;18"
"Vídeo 28;Osvaldo;iPad;42992;3072;9,37119108038444;1617;365;175;151;123;85;00:00:08;1638;6;2;1636;11"
"Vídeo 28;Osvaldo;iPhone;42992;77303;174,146302475673;30656;9360;5613;5182;4394;3295;00:00:10;31217;93;56;31178;373"
"Vídeo 28;Osvaldo;Desktop;42992;64760;156,402981197674;27537;7094;3442;2819;2414;1892;00:00:08;27802;52;23;27764;151"
"Vídeo 28;Osvaldo;iPod;42992;0;0,0899154794493176;13;3;2;1;1;1;00:00:10;13;;;13;"
"Vídeo 60;Marcos;Outros;43008;18;0,0699342617939137;4;1;1;1;1;1;00:00:14;4;;;4;"
"Vídeo 60;Marcos;iPad;43008;1129;5,14516354626651;530;182;181;126;104;74;00:00:07;531;;;531;1"
"Vídeo 60;Marcos;Desktop;43008;6527;12,6680919935261;2136;699;691;498;424;362;00:00:06;2162;;3;2159;20"
"Vídeo 60;Marcos;iPhone;43008;38458;111,2953823406;13888;5602;5502;4548;3633;2546;00:00:07;14056;15;6;14048;139"
"Vídeo 37;Marcos;Desktop;42997;21500;28,9028313385418;8768;3242;2395;1644;1380;1122;00:00:07;8871;21;5;8859;65"
"Vídeo 37;Marcos;Tablet Android;42997;2711;4,37588666653346;1080;439;325;214;160;129;00:00:08;1092;3;;1091;8"
"Vídeo 37;Marcos;iPad;42997;1152;2,63752073051332;495;137;93;61;51;41;00:00:06;501;;;499;4"
"Vídeo 37;Marcos;iPod;42997;0;0,0499530441385098;13;1;1;1;1;1;00:00:07;13;;;13;"
"Vídeo 37;Marcos;Outros;42997;47;0,0399624353108078;6;4;3;3;3;3;00:00:30;7;;;7;1"
"Vídeo 57;Luiz;iPhone;43007;41084;147,673201840115;17813;5389;4858;3086;2523;2138;00:00:06;17994;14;19;17972;126"
"Vídeo 57;Luiz;Tablet Android;43007;2240;15,7949811447413;1418;377;313;146;104;99;00:00:06;1437;5;1;1437;13"
"Vídeo 57;Luiz;iPad;43007;2276;14,0180457659579;1223;268;209;91;64;55;00:00:05;1228;;;1227;4"
"Vídeo 57;Luiz;Smartphone Android;43007;181037;643,981124997532;78961;24978;22275;14193;11549;9867;00:00:06;80108;119;57;79964;827"
"Vídeo 57;Luiz;iPod;43007;0;0,0888467689391696;10;6;4;3;3;1;00:00:10;10;;;10;"
"Vídeo 57;Luiz;Outros;43007;0;0,177693537878339;7;3;2;2;1;1;00:00:08;7;;;7;"
"Vídeo 57;Luiz;Desktop;43007;37820;178,266105944836;18336;4207;3481;1720;1276;1053;00:00:05;18454;18;2;18426;70"
